seed,reward,objective_J,infeasible_on_arrival,jobs_total,jobs_scheduled,dropped,completion_rate,on_time_rate,late_jobs,tardiness,weighted_tardiness,max_tardiness,p95_tardiness,tardiness_with_dropped_lb,mean_wait,p95_wait,mean_flow_time,mean_slowdown,makespan,active_machine_ticks,mean_active_utilisation,energy_specpower,seconds
500000,-11.061196105702365,7953.0,25,719,694,25,0.9652294853963839,0.9513212795549374,10,90.0,336.0,25.0,0.0,158.0,0.622478386167147,3.0,5.553314121037464,1.2471979500901664,100.0,917,0.9365321701199564,814.9753086419753,1.75
500001,-12.071625344352618,8764.0,29,726,696,30,0.9586776859504132,0.9393939393939394,14,190.0,517.0,28.0,0.0,357.0,0.5732758620689655,3.0,5.699712643678161,1.2671657950253685,100.0,935,0.936185383244207,856.9207407407407,1.739
500002,-17.761174968071522,13907.0,34,783,745,38,0.9514687100893997,0.9259259259259259,20,126.0,440.0,20.0,0.0,174.0,1.1288590604026845,7.0,6.167785234899329,1.5173914774526698,100.0,967,0.9576008273009309,873.9735802469136,1.876
500003,-14.57122905027933,10433.0,27,716,688,28,0.9608938547486033,0.9385474860335196,16,184.0,745.0,32.0,0.0,341.0,1.4084302325581395,7.649999999999977,6.671511627906977,1.5920988589945928,100.0,980,0.9568367346938776,883.7412345679012,1.692
500004,-13.473118279569894,10024.0,31,744,713,31,0.9583333333333334,0.9368279569892473,16,112.0,234.0,21.0,0.0,176.0,0.28190743338008417,1.0,4.973352033660589,1.139012748199284,100.0,890,0.9175280898876405,789.4074074074074,1.767
500005,-13.098214285714286,8802.0,25,672,647,25,0.9627976190476191,0.9494047619047619,9,53.0,179.0,21.0,0.0,168.0,0.2581143740340031,2.0,5.247295208655332,1.1384643708278415,100.0,903,0.9194167589516427,805.135061728395,1.578
500006,-13.72787318361955,10392.0,28,757,727,30,0.9603698811096433,0.9392338177014531,16,144.0,529.0,25.0,0.0,295.0,0.9463548830811555,5.0,6.156808803301238,1.5075737338602457,100.0,952,0.9454481792717088,859.6182716049382,2.866
500007,-14.161198288159772,9927.0,27,701,674,27,0.9614835948644793,0.9343794579172611,19,193.0,611.0,29.0,0.0,280.0,0.3026706231454006,1.0,5.554896142433234,1.1405988196603924,100.0,908,0.9298825256975038,818.2832098765432,2.07
500008,-20.986013986013987,15005.0,36,715,669,46,0.9356643356643357,0.8965034965034965,28,264.0,862.0,30.0,0.0,335.0,1.9701046337817638,10.600000000000023,7.512705530642751,1.9253142750682009,100.0,941,0.9552603613177472,853.14,2.299
500009,-16.2797783933518,11754.0,30,722,690,32,0.9556786703601108,0.9376731301939059,13,55.0,159.0,13.0,0.0,246.0,0.553623188405797,3.0,5.711594202898551,1.2257773024989744,100.0,944,0.9322387005649718,857.7851851851851,1.711
500010,-10.698478561549102,7735.0,28,723,695,28,0.9612724757952974,0.9391424619640387,16,87.0,193.0,26.0,0.0,249.0,0.9410071942446043,5.2999999999999545,6.149640287769784,1.464197521977104,100.0,930,0.9407168458781363,852.6412345679013,168.07
500011,-22.156992084432716,16795.0,41,758,714,44,0.941952506596306,0.9274406332453826,11,98.0,331.0,22.0,0.0,304.0,2.1064425770308124,13.0,7.19327731092437,1.8446945139635451,100.0,943,0.9593849416755038,862.4777777777778,1.736
500012,-16.56791907514451,11465.0,36,692,655,37,0.9465317919075145,0.9364161849710982,7,48.0,150.0,19.0,0.0,215.0,0.45648854961832064,2.2999999999999545,5.140458015267176,1.2005102107392183,100.0,911,0.9294548115623856,795.4738271604938,1.572
500013,-12.65,9108.0,27,720,692,28,0.9611111111111111,0.9444444444444444,12,57.0,114.0,15.0,0.0,147.0,0.8092485549132948,4.0,5.891618497109826,1.4345401382221896,100.0,928,0.935021551724138,832.6553086419754,1.672
500014,-15.65643274853801,10709.0,31,684,653,31,0.9546783625730995,0.9400584795321637,10,75.0,304.0,16.0,0.0,238.0,0.4670750382848392,2.0,5.280245022970903,1.2210934547841132,100.0,893,0.9248600223964166,790.836049382716,1.442
