seed,reward,objective_J,infeasible_on_arrival,jobs_total,jobs_scheduled,dropped,completion_rate,on_time_rate,late_jobs,weighted_late_jobs,tardiness,weighted_tardiness,weighted_sq_tardiness,max_tardiness,p95_tardiness,tardiness_with_dropped_lb,completed_past_horizon,weighted_completed_past_horizon,weighted_tardiness_within_horizon,weighted_tardiness_past_horizon,active_machine_ticks_past_horizon,mean_wait,p95_wait,mean_flow_time,mean_slowdown,makespan,active_machine_ticks,mean_active_utilisation,energy_specpower,seconds
500000,-3931.27,393127.0,0,100,100,0,1.0,0.3,70,189.0,3101.0,7147.0,393127.0,95.0,83.05,3101.0,6,6.0,6683.0,464.0,11,49.5,94.05,54.34,13.044706349206349,108.0,164,0.6182926829268294,140.69851851851854,0.1
500001,-4747.55,474755.0,0,100,100,0,1.0,0.24,76,223.0,3604.0,8561.0,474755.0,97.0,88.1,3604.0,6,6.0,8042.0,519.0,15,49.5,94.05,54.89,11.503833333333334,108.0,182,0.6501831501831502,156.28740740740741,0.098
500002,-4451.26,445126.0,0,100,100,0,1.0,0.26,74,209.0,3233.0,7910.0,445126.0,98.0,81.05,3233.0,5,5.0,7529.0,381.0,14,49.5,94.05,54.3,13.85573015873016,108.0,174,0.6237547892720307,143.35802469135803,0.095
500003,-3402.3700000000003,340237.0,0,100,100,0,1.0,0.22,78,202.0,3258.0,6497.0,340237.0,95.0,88.05,3258.0,6,6.0,6001.0,496.0,13,49.5,94.05,54.39,12.389694444444444,108.0,178,0.6161048689138576,149.59135802469135,0.095
500004,-3524.8,352480.0,0,100,100,0,1.0,0.23,77,192.0,3216.0,6768.0,352480.0,96.0,86.05,3216.0,6,6.0,6336.0,432.0,14,49.5,94.05,54.38,12.863976190476189,108.0,165,0.6426262626262627,140.47135802469137,0.091
500005,-4332.31,433231.0,0,100,100,0,1.0,0.2,80,243.0,3305.0,8273.0,433231.0,98.0,83.05,3305.0,5,5.0,7867.0,406.0,14,49.5,94.05,54.32,12.81102777777778,108.0,172,0.6155038759689923,146.60000000000002,0.107
500006,-3995.72,399572.0,0,100,100,0,1.0,0.24,76,209.0,3246.0,7740.0,399572.0,97.0,76.0,3246.0,6,7.0,7247.0,493.0,13,49.5,94.05,54.48,12.366623015873015,108.0,172,0.6158914728682171,145.17925925925925,0.098
500007,-3798.4999999999995,379850.0,0,100,100,0,1.0,0.28,72,192.0,2868.0,6918.0,379850.0,90.0,76.19999999999999,2868.0,6,9.0,6207.0,711.0,9,49.5,94.05,53.9,14.686011904761905,107.0,154,0.6233766233766234,132.05654320987657,0.096
500008,-3693.82,369382.0,0,100,100,0,1.0,0.26,74,204.0,3359.0,7076.0,369382.0,98.0,89.05,3359.0,6,6.0,6576.0,500.0,14,49.5,94.05,54.79,11.433650793650795,108.0,177,0.6621468926553673,154.72172839506175,0.099
500009,-4162.65,416265.0,0,100,100,0,1.0,0.27,73,200.0,3278.0,7465.0,416265.0,96.0,87.1,3278.0,5,5.0,7064.0,401.0,13,49.5,94.05,54.17,13.475551587301588,108.0,160,0.6427083333333334,134.2693827160494,0.095
500010,-3838.08,383808.0,0,100,100,0,1.0,0.21,79,209.0,3320.0,7126.0,383808.0,97.0,89.1,3320.0,6,6.0,6621.0,505.0,15,49.5,94.05,54.28,12.935670634920633,108.0,173,0.6094412331406551,146.51827160493826,0.091
500011,-3624.019999999999,362402.0,0,100,100,0,1.0,0.12,88,218.0,3385.0,6890.0,362402.0,98.0,80.1,3385.0,7,7.0,6318.0,572.0,14,49.5,94.05,54.63,11.520654761904762,108.0,172,0.6430232558139535,146.50666666666666,0.088
500012,-4344.420000000001,434442.0,0,100,100,0,1.0,0.2,80,241.0,3398.0,8416.0,434442.0,99.0,81.29999999999998,3398.0,5,6.0,7950.0,466.0,12,49.5,94.05,54.8,11.655658730158729,108.0,172,0.65,147.29802469135805,0.103
500013,-4407.1900000000005,440719.0,0,100,100,0,1.0,0.24,76,229.0,3370.0,8537.0,440719.0,99.0,82.1,3370.0,6,6.0,8068.0,469.0,15,49.5,94.05,54.99,11.190765873015874,108.0,183,0.6357012750455372,153.7074074074074,0.102
500014,-3336.8799999999997,333688.0,0,100,100,0,1.0,0.27,73,184.0,3201.0,6666.0,333688.0,93.0,86.14999999999999,3201.0,6,6.0,6195.0,471.0,11,49.5,94.05,54.47,12.108809523809525,108.0,170,0.5933333333333334,141.52074074074073,0.103
500015,-4735.78,473578.0,0,100,100,0,1.0,0.17,83,241.0,3567.0,8604.0,473578.0,91.0,84.1,3567.0,6,6.0,8142.0,462.0,15,49.5,94.05,54.72,11.490654761904764,108.0,176,0.6170454545454546,145.2479012345679,0.095
500016,-4443.16,444316.0,0,100,100,0,1.0,0.19,81,249.0,3364.0,8454.0,444316.0,97.0,88.1,3364.0,6,8.0,7778.0,676.0,8,49.5,94.05,54.62,12.098543650793653,107.0,162,0.694238683127572,140.48,0.107
500017,-4209.469999999999,420947.0,0,100,100,0,1.0,0.27,73,184.0,3462.0,7289.0,420947.0,98.0,88.1,3462.0,6,6.0,6756.0,533.0,15,49.5,94.05,54.14,13.817067460317462,108.0,168,0.5990079365079366,139.9627160493827,0.088
500018,-4105.2,410520.0,0,100,100,0,1.0,0.21,79,208.0,3249.0,7418.0,410520.0,97.0,82.14999999999999,3249.0,6,6.0,6993.0,425.0,14,49.5,94.05,53.76,14.192666666666671,108.0,160,0.571875,134.10518518518518,0.097
500019,-4305.1900000000005,430519.0,0,100,100,0,1.0,0.16,84,229.0,3683.0,7933.0,430519.0,98.0,83.24999999999999,3683.0,6,6.0,7428.0,505.0,15,49.5,94.05,54.99,10.31327777777778,108.0,194,0.6183848797250859,164.40864197530863,0.092
500020,-3768.74,376874.0,0,100,100,0,1.0,0.22,78,216.0,3208.0,7232.0,376874.0,90.0,81.0,3208.0,6,6.0,6815.0,417.0,15,49.5,94.05,55.1,10.255587301587303,108.0,198,0.6272727272727272,170.1688888888889,0.098
500021,-4693.719999999999,469372.0,0,100,100,0,1.0,0.25,75,229.0,3373.0,8552.0,469372.0,98.0,81.34999999999998,3373.0,6,7.0,7986.0,566.0,10,49.5,94.05,54.52,12.790166666666666,108.0,163,0.6447852760736196,137.0222222222222,0.093
500022,-3453.6400000000003,345364.0,0,100,100,0,1.0,0.23,77,217.0,3040.0,6882.0,345364.0,94.0,82.14999999999999,3040.0,5,5.0,6473.0,409.0,14,49.5,94.05,54.53,12.255678571428573,108.0,169,0.6455621301775147,147.29382716049383,0.098
500023,-4550.049999999999,455005.0,0,100,100,0,1.0,0.2,80,222.0,3329.0,7853.0,455005.0,98.0,83.05,3329.0,5,5.0,7446.0,407.0,10,49.5,94.05,54.34,12.795690476190476,108.0,149,0.6503355704697987,128.93283950617285,0.101
500024,-4454.5599999999995,445456.0,0,100,100,0,1.0,0.23,77,228.0,3328.0,8112.0,445456.0,98.0,87.05,3328.0,6,6.0,7634.0,478.0,13,49.5,94.05,54.71,11.019019841269841,108.0,173,0.6564547206165704,150.13086419753085,0.096
500025,-3780.6800000000003,378068.0,0,100,100,0,1.0,0.26,74,187.0,3328.0,6790.0,378068.0,96.0,88.05,3328.0,6,6.0,6348.0,442.0,15,49.5,94.05,54.65,12.17195238095238,108.0,173,0.6377649325626203,148.91580246913583,0.095
500026,-4507.68,450768.0,0,100,100,0,1.0,0.29,71,191.0,3289.0,7474.0,450768.0,97.0,85.1,3289.0,7,8.0,6797.0,677.0,14,49.5,94.05,54.24,13.563059523809525,108.0,158,0.6033755274261603,134.24395061728396,0.102
500027,-4315.87,431587.0,0,100,100,0,1.0,0.24,76,225.0,3216.0,7671.0,431587.0,97.0,88.05,3216.0,6,7.0,7125.0,546.0,9,49.5,94.05,54.36,13.495920634920637,108.0,166,0.6244979919678715,139.3,0.097
500028,-3490.32,349032.0,0,100,100,0,1.0,0.22,78,204.0,3260.0,6532.0,349032.0,88.0,84.05,3260.0,7,7.0,6042.0,490.0,15,49.5,94.05,54.7,12.098896825396826,108.0,170,0.6294117647058823,146.6422222222222,0.094
500029,-4698.189999999999,469819.0,0,100,100,0,1.0,0.28,72,202.0,3562.0,8161.0,469819.0,96.0,90.14999999999999,3562.0,6,6.0,7631.0,530.0,13,49.5,94.05,54.27,12.287861111111111,108.0,177,0.5981167608286252,149.71604938271605,0.1
500030,-3395.12,339512.0,0,100,100,0,1.0,0.29,71,179.0,3172.0,6118.0,339512.0,97.0,88.14999999999999,3172.0,6,6.0,5591.0,527.0,11,49.5,94.05,54.62,12.24923015873016,108.0,170,0.6170588235294118,142.49851851851852,0.098
500031,-4465.580000000001,446558.0,0,100,100,0,1.0,0.25,75,208.0,3402.0,8398.0,446558.0,97.0,81.29999999999998,3402.0,6,6.0,7886.0,512.0,11,49.5,94.05,54.46,12.741619047619047,107.0,175,0.6253333333333333,145.60765432098765,0.1
500032,-4813.209999999999,481321.0,0,100,100,0,1.0,0.18,82,242.0,3689.0,9025.0,481321.0,97.0,87.05,3689.0,5,5.0,8636.0,389.0,9,49.5,94.05,54.88,11.148900793650794,108.0,188,0.623581560283688,159.16172839506174,0.107
500033,-4399.329999999999,439933.0,0,100,100,0,1.0,0.3,70,196.0,3209.0,7621.0,439933.0,97.0,85.14999999999999,3209.0,5,5.0,7203.0,418.0,14,49.5,94.05,54.7,12.569424603174605,108.0,179,0.6208566108007448,150.25037037037038,0.109
500034,-4141.91,414191.0,0,100,100,0,1.0,0.27,73,191.0,3463.0,7573.0,414191.0,98.0,86.05,3463.0,6,6.0,7101.0,472.0,15,49.5,94.05,54.37,12.17640873015873,108.0,174,0.5908045977011495,143.13456790123456,0.101
500035,-4935.479999999999,493548.0,0,100,100,0,1.0,0.16,84,274.0,3233.0,9150.0,493548.0,97.0,83.1,3233.0,8,11.0,8291.0,859.0,14,49.5,94.05,54.72,11.048126984126984,108.0,188,0.5957446808510638,157.43530864197533,0.102
500036,-4049.0,404900.0,0,100,100,0,1.0,0.29,71,196.0,3382.0,7574.0,404900.0,95.0,81.14999999999999,3382.0,6,6.0,7076.0,498.0,8,49.5,94.05,54.47,12.50736111111111,108.0,165,0.6507070707070706,141.28172839506175,0.097
500037,-4086.2400000000002,408624.0,0,100,100,0,1.0,0.26,74,195.0,3390.0,7318.0,408624.0,99.0,88.1,3390.0,6,6.0,6797.0,521.0,14,49.5,94.05,54.49,11.667079365079367,108.0,171,0.6382066276803119,148.2130864197531,0.102
500038,-4263.3,426330.0,0,100,100,0,1.0,0.21,79,237.0,3376.0,8164.0,426330.0,95.0,84.05,3376.0,5,5.0,7785.0,379.0,9,49.5,94.05,54.59,12.5555753968254,108.0,164,0.6626016260162602,141.42345679012345,0.091
500039,-3798.75,379875.0,0,100,100,0,1.0,0.24,76,218.0,3107.0,7427.0,379875.0,93.0,83.1,3107.0,7,7.0,6889.0,538.0,13,49.5,94.05,54.61,11.571388888888889,108.0,172,0.6552325581395348,146.76814814814816,0.107
500040,-4345.5,434550.0,0,100,100,0,1.0,0.24,76,207.0,3390.0,7850.0,434550.0,96.0,86.05,3390.0,6,7.0,7357.0,493.0,13,49.5,94.05,54.57,11.927174603174603,107.0,172,0.6430232558139535,145.0543209876543,0.107
500041,-4691.789999999999,469179.0,0,100,100,0,1.0,0.2,80,242.0,3364.0,8701.0,469179.0,97.0,86.05,3364.0,5,5.0,8301.0,400.0,14,49.5,94.05,54.25,12.57672619047619,108.0,164,0.6479674796747966,139.29851851851853,0.123
500042,-3646.31,364631.0,0,100,100,0,1.0,0.22,78,201.0,3514.0,6701.0,364631.0,94.0,83.05,3514.0,7,7.0,6141.0,560.0,14,49.5,94.05,54.87,11.649515873015874,108.0,185,0.6156756756756756,155.39827160493826,0.145
500043,-3736.9000000000005,373690.0,0,100,100,0,1.0,0.21,79,221.0,3273.0,7406.0,373690.0,98.0,83.24999999999999,3273.0,6,6.0,6898.0,508.0,18,49.5,94.05,54.39,12.39238492063492,108.0,174,0.6005747126436781,146.50000000000003,0.103
500044,-3318.6500000000005,331865.0,0,100,100,0,1.0,0.24,76,184.0,3354.0,6215.0,331865.0,98.0,92.05,3354.0,7,7.0,5577.0,638.0,15,49.5,94.05,54.8,12.110650793650793,108.0,184,0.6224637681159421,154.4246913580247,0.104
500045,-3026.09,302609.0,0,100,100,0,1.0,0.31,69,179.0,2916.0,5997.0,302609.0,90.0,83.0,2916.0,5,5.0,5662.0,335.0,11,49.5,94.05,54.65,12.522575396825395,107.0,182,0.6166666666666666,154.35851851851854,0.108
500046,-2968.88,296888.0,0,100,100,0,1.0,0.24,76,187.0,3191.0,6018.0,296888.0,91.0,77.0,3191.0,6,6.0,5633.0,385.0,15,49.5,94.05,54.65,11.755119047619049,108.0,183,0.5998178506375228,154.64222222222222,0.103
500047,-3641.8,364180.0,0,100,100,0,1.0,0.29,71,192.0,3087.0,6976.0,364180.0,94.0,83.19999999999999,3087.0,7,7.0,6407.0,569.0,14,49.5,94.05,54.77,11.598134920634918,108.0,170,0.693529411764706,148.86617283950616,0.1
500048,-4300.34,430034.0,0,100,100,0,1.0,0.12,88,266.0,3367.0,8524.0,430034.0,98.0,84.14999999999999,3367.0,5,5.0,8146.0,378.0,15,49.5,94.05,54.48,11.505115079365078,108.0,172,0.6054263565891472,144.73456790123458,0.097
500049,-3592.8,359280.0,0,100,100,0,1.0,0.22,78,228.0,3066.0,6954.0,359280.0,96.0,89.0,3066.0,7,7.0,6366.0,588.0,15,49.5,94.05,54.7,11.704753968253968,108.0,174,0.6145593869731801,148.96444444444444,0.103
