seed,reward,objective_J,infeasible_on_arrival,jobs_total,jobs_scheduled,dropped,completion_rate,on_time_rate,late_jobs,tardiness,weighted_tardiness,weighted_sq_tardiness,max_tardiness,p95_tardiness,tardiness_with_dropped_lb,completed_past_horizon,weighted_completed_past_horizon,weighted_tardiness_within_horizon,weighted_tardiness_past_horizon,active_machine_ticks_past_horizon,mean_wait,p95_wait,mean_flow_time,mean_slowdown,makespan,active_machine_ticks,mean_active_utilisation,energy_specpower,seconds
500000,-11.803208556149732,11036.0,0,935,935,0,1.0,0.9561497326203209,41,319.0,954.0,11036.0,30.0,0.0,319.0,151,464.0,482.0,472.0,238,4.997860962566845,28.0,10.35614973262032,3.3951648357624165,130.0,1228,0.9618078175895765,1124.9883950617284,1.54
500001,-14.400644468313642,13407.0,0,931,931,0,1.0,0.9548872180451128,42,389.0,1035.0,13407.0,27.0,0.0,389.0,113,328.0,424.0,611.0,315,3.5091299677765844,19.5,8.627282491944147,2.4160345675938615,136.0,1296,0.94511316872428,1173.5375308641976,1.561
500002,-88.03575297941495,81257.0,0,923,923,0,1.0,0.9360780065005417,59,1036.0,3123.0,81257.0,67.0,5.0,1036.0,117,369.0,1091.0,2032.0,284,4.357529794149513,26.799999999999955,9.979414951245937,2.9135345888344033,143.0,1267,0.9558274138384636,1167.498271604938,1.516
500003,-43.24972004479284,38622.0,0,893,893,0,1.0,0.9283314669652856,64,727.0,2148.0,38622.0,42.0,4.0,727.0,145,422.0,833.0,1315.0,292,7.123180291153416,36.0,12.68421052631579,4.3171638750050745,141.0,1279,0.9658587438102686,1209.8799999999999,1.541
500004,-18.14614499424626,15769.0,0,869,869,0,1.0,0.9620253164556962,33,338.0,927.0,15769.0,42.0,0.0,338.0,55,167.0,616.0,311.0,154,3.1772151898734178,19.59999999999991,8.365937859608746,2.4595723445533912,124.0,1132,0.9482921083627798,1042.4530864197532,1.462
500005,-15.919540229885058,13850.0,0,870,870,0,1.0,0.9666666666666667,29,277.0,910.0,13850.0,25.0,0.0,277.0,106,294.0,527.0,383.0,209,2.803448275862069,19.0,8.219540229885057,2.223840905947921,127.0,1174,0.9495457126632597,1086.4456790123456,1.452
500006,-45.94060475161987,42541.0,0,926,926,0,1.0,0.9395248380129589,56,715.0,2177.0,42541.0,40.0,3.0,715.0,95,280.0,1327.0,850.0,241,5.191144708423326,28.0,10.523758099352051,3.346751109216352,134.0,1208,0.9636037527593819,1111.9595061728396,1.553
500007,-34.50539956803456,31952.0,0,926,926,0,1.0,0.9298056155507559,65,701.0,1900.0,31952.0,62.0,5.0,701.0,112,308.0,804.0,1096.0,221,4.682505399568035,26.0,10.022678185745141,3.3551581794482783,130.0,1207,0.9678818006075671,1130.6928395061727,1.552
500008,-17.965103598691385,16474.0,0,917,917,0,1.0,0.9312977099236641,63,494.0,1360.0,16474.0,24.0,3.0,494.0,131,396.0,581.0,779.0,248,6.386041439476554,35.0,11.816793893129772,3.7602123794944053,130.0,1234,0.9722042139384117,1142.322962962963,1.568
500009,-20.38568376068376,19081.0,0,936,936,0,1.0,0.9476495726495726,49,461.0,1239.0,19081.0,29.0,1.0,461.0,143,435.0,645.0,594.0,268,4.941239316239316,27.0,10.606837606837606,3.15713177105577,134.0,1249,0.9697891646650656,1164.7938271604937,1.578
500010,-6.032634032634034,5176.0,0,858,858,0,1.0,0.9685314685314685,27,193.0,424.0,5176.0,23.0,0.0,193.0,78,223.0,195.0,229.0,193,2.4347319347319347,14.0,7.81934731934732,2.2661507285273728,135.0,1175,0.9278581560283689,1077.2256790123456,1.388
500011,-84.313025210084,80266.0,0,952,952,0,1.0,0.9411764705882353,56,980.0,2770.0,80266.0,60.0,3.0,980.0,116,342.0,390.0,2380.0,439,3.7888655462184873,26.899999999999864,9.07563025210084,2.5775986504463564,156.0,1414,0.9591230551626592,1286.612098765432,1.572
500012,-32.52227171492205,29205.0,0,898,898,0,1.0,0.9409799554565702,53,595.0,1443.0,29205.0,55.0,2.0,595.0,153,420.0,651.0,792.0,305,6.32293986636971,33.0,11.96770601336303,3.8335543450030483,138.0,1270,0.9529921259842521,1157.6945679012347,1.523
500013,-98.99561403508773,90284.0,0,912,912,0,1.0,0.9100877192982456,82,1279.0,3350.0,90284.0,58.0,8.0,1279.0,123,355.0,573.0,2777.0,429,5.418859649122807,36.44999999999993,11.31469298245614,3.480237803748473,171.0,1410,0.9679432624113476,1288.08,1.591
500014,-15.987556561085974,14133.0,0,884,884,0,1.0,0.9570135746606335,38,321.0,1029.0,14133.0,30.0,0.0,321.0,72,216.0,870.0,159.0,192,3.246606334841629,20.84999999999991,8.524886877828054,2.503478274306062,128.0,1160,0.9435344827586207,1037.9044444444444,1.489
500015,-6.719376391982183,6034.0,0,898,898,0,1.0,0.9610244988864143,35,237.0,636.0,6034.0,26.0,0.0,237.0,86,254.0,483.0,153.0,228,3.066815144766147,20.0,8.391982182628063,2.3919453285886694,139.0,1198,0.91471897607123,1089.756049382716,1.486
500016,-15.639522258414765,14404.0,0,921,921,0,1.0,0.9424538545059717,53,412.0,1114.0,14404.0,26.0,2.0,412.0,107,317.0,671.0,443.0,264,3.2877307274701413,24.0,8.564603691639523,2.461097786686383,136.0,1247,0.9566426089280942,1156.515802469136,1.5
500017,-48.25400213447172,45214.0,0,937,937,0,1.0,0.9391675560298826,57,836.0,2316.0,45214.0,38.0,5.0,836.0,155,471.0,664.0,1652.0,277,6.594450373532551,33.0,11.774813233724654,4.145074528969708,139.0,1249,0.963464104617027,1164.6128395061728,1.593
500018,-43.39954075774971,37801.0,0,871,871,0,1.0,0.9529276693455798,41,516.0,1559.0,37801.0,64.0,0.0,516.0,77,233.0,644.0,915.0,224,2.8702640642939152,16.5,8.360505166475315,2.2183717759109185,136.0,1200,0.9452222222222222,1082.4960493827161,1.449
500019,-20.86766275346852,19553.0,0,937,937,0,1.0,0.951974386339381,45,494.0,1273.0,19553.0,28.0,0.0,494.0,71,183.0,755.0,518.0,228,2.7086446104589115,15.0,7.9775880469583775,2.3679513592477583,139.0,1213,0.9399560318768891,1100.3116049382716,1.56
500020,-36.089366515837106,31903.0,0,884,884,0,1.0,0.9321266968325792,60,609.0,1569.0,31903.0,48.0,3.0,609.0,180,544.0,464.0,1105.0,359,8.857466063348417,38.0,14.31787330316742,4.859287635303571,140.0,1332,0.963988988988989,1236.2669135802469,1.584
500021,-45.808278867102395,42052.0,0,918,918,0,1.0,0.9302832244008714,64,824.0,2010.0,42052.0,45.0,4.0,824.0,94,284.0,941.0,1069.0,294,4.485838779956427,28.0,9.920479302832245,2.925194322256268,138.0,1271,0.969918699186992,1172.475061728395,1.527
500022,-47.962765957446805,45085.0,0,940,940,0,1.0,0.9382978723404255,58,765.0,2183.0,45085.0,57.0,5.0,765.0,136,417.0,1048.0,1135.0,333,6.5638297872340425,35.0,11.86808510638298,3.9280544081030113,154.0,1318,0.9699797673242286,1230.2923456790124,1.659
500023,-53.69117647058823,51114.0,0,952,952,0,1.0,0.9233193277310925,73,845.0,2418.0,51114.0,45.0,5.0,845.0,119,355.0,1430.0,988.0,274,5.696428571428571,34.44999999999993,10.89810924369748,3.5934446792742887,138.0,1258,0.9696873343932169,1164.9116049382715,1.568
500024,-10.3470066518847,9333.0,0,902,902,0,1.0,0.9634146341463414,33,289.0,731.0,9333.0,25.0,0.0,289.0,53,167.0,654.0,77.0,160,2.5953436807095343,16.949999999999932,7.750554323725056,2.317944894991319,131.0,1134,0.9566725455614346,1035.3819753086418,1.445
500025,-24.080898876404493,21432.0,0,890,890,0,1.0,0.9550561797752809,40,448.0,1262.0,21432.0,39.0,0.0,448.0,115,331.0,658.0,604.0,261,4.603370786516854,25.0,9.974157303370786,2.9328906444826446,146.0,1244,0.9504823151125402,1138.9992592592591,1.499
500026,-58.18011049723757,52653.0,0,905,905,0,1.0,0.938121546961326,56,839.0,2079.0,52653.0,64.0,4.7999999999999545,839.0,77,231.0,1292.0,787.0,250,4.23646408839779,24.0,9.769060773480662,2.925003249034234,132.0,1221,0.9496860496860496,1117.0345679012346,1.506
500027,-35.03204419889502,31704.0,0,905,905,0,1.0,0.9535911602209944,42,503.0,1564.0,31704.0,47.0,0.0,503.0,108,320.0,381.0,1183.0,292,3.555801104972376,21.0,9.25303867403315,2.6794586718895625,142.0,1271,0.9450563860477313,1160.8400000000001,1.492
500028,-98.63817980022196,88873.0,0,901,901,0,1.0,0.93007769145394,63,1041.0,3051.0,88873.0,57.0,5.0,1041.0,121,348.0,1433.0,1618.0,276,5.642619311875694,30.0,11.306326304106548,3.57521056012941,132.0,1251,0.9660538236077805,1163.8328395061728,1.566
500029,-44.10487288135593,41635.0,0,944,944,0,1.0,0.9375,59,701.0,2027.0,41635.0,52.0,3.849999999999909,701.0,122,374.0,963.0,1064.0,279,4.040254237288136,23.84999999999991,9.383474576271187,2.9812151260207997,136.0,1261,0.961908538197198,1172.0444444444443,1.55
500030,-3.5810055865921795,3205.0,0,895,895,0,1.0,0.9787709497206704,19,140.0,339.0,3205.0,19.0,0.0,140.0,59,175.0,186.0,153.0,151,1.4279329608938547,7.2999999999999545,6.4860335195530725,1.7452442272340019,123.0,1138,0.9343878148799064,1031.3064197530864,1.413
500031,-23.758205689277897,21715.0,0,914,914,0,1.0,0.9343544857768052,60,506.0,1377.0,21715.0,52.0,2.0,506.0,135,402.0,779.0,598.0,248,5.072210065645514,28.34999999999991,10.471553610503282,3.4209649534730744,136.0,1230,0.9588346883468836,1128.8953086419751,1.571
500032,-15.852334419109662,14600.0,0,921,921,0,1.0,0.9619978284473398,35,374.0,958.0,14600.0,33.0,0.0,374.0,105,306.0,295.0,663.0,217,3.54071661237785,19.0,8.976112920738329,2.621274776852599,136.0,1204,0.959939091915836,1095.4417283950618,1.577
500033,-3.91550925925926,3383.0,0,864,864,0,1.0,0.9826388888888888,15,100.0,263.0,3383.0,31.0,0.0,100.0,53,177.0,75.0,188.0,209,1.3553240740740742,7.0,6.357638888888889,1.6016894411215492,130.0,1192,0.9222315436241613,1075.7355555555555,1.379
500034,-10.141124586549063,9198.0,0,907,907,0,1.0,0.9647188533627343,32,234.0,778.0,9198.0,26.0,0.0,234.0,120,356.0,598.0,180.0,210,3.9735391400220506,22.0,9.217199558985667,2.985127016130972,128.0,1165,0.9625751072961374,1064.9787654320987,1.475
500035,-8.18716577540107,7655.0,0,935,935,0,1.0,0.948663101604278,48,335.0,797.0,7655.0,24.0,1.0,335.0,109,324.0,638.0,159.0,250,5.583957219251337,27.299999999999955,11.167914438502674,3.6824693644862476,130.0,1224,0.950326797385621,1136.575061728395,1.589
500036,-12.944242424242425,10679.0,0,825,825,0,1.0,0.9684848484848485,26,242.0,653.0,10679.0,26.0,0.0,242.0,71,205.0,389.0,264.0,235,2.938181818181818,17.0,8.575757575757576,2.4840122034411367,141.0,1209,0.9434243176178659,1081.032098765432,1.383
500037,-131.21490280777536,121505.0,0,926,926,0,1.0,0.9092872570194385,84,1412.0,4327.0,121505.0,82.0,8.75,1412.0,158,474.0,1437.0,2890.0,384,8.597192224622031,39.75,14.3585313174946,4.611663125108647,164.0,1367,0.97373811265545,1251.918024691358,1.68
500038,-21.736784140969167,19737.0,0,908,908,0,1.0,0.9548458149779736,41,435.0,1127.0,19737.0,36.0,0.0,435.0,74,209.0,327.0,800.0,193,3.504405286343612,21.0,8.787444933920705,2.6563416714202606,128.0,1174,0.9382453151618398,1070.9755555555557,1.467
500039,-12.95067264573991,11552.0,0,892,892,0,1.0,0.9405829596412556,53,367.0,974.0,11552.0,24.0,2.0,367.0,98,282.0,558.0,416.0,271,3.6434977578475336,23.0,9.024663677130045,2.557374411946388,134.0,1255,0.9411420982735724,1129.2002469135803,1.442
500040,-58.11823204419889,52597.0,0,905,905,0,1.0,0.9524861878453039,43,550.0,1915.0,52597.0,54.0,0.0,550.0,124,382.0,553.0,1362.0,398,5.140331491712707,30.0,10.733701657458564,3.071277568734885,157.0,1376,0.974467054263566,1262.9204938271605,1.556
500041,-92.15425531914894,86625.0,0,940,940,0,1.0,0.9191489361702128,76,1105.0,2917.0,86625.0,84.0,5.0499999999999545,1105.0,139,427.0,678.0,2239.0,348,6.111702127659575,34.049999999999955,11.496808510638298,3.56355686855272,143.0,1323,0.959385235575712,1196.556049382716,1.594
500042,-20.941694169416945,19036.0,0,909,909,0,1.0,0.9570957095709571,39,386.0,1156.0,19036.0,27.0,0.0,386.0,93,289.0,297.0,859.0,212,3.2387238723872387,21.0,8.567656765676567,2.645547969324012,134.0,1189,0.9574992991309224,1103.74,1.498
500043,-63.600882028665936,57686.0,0,907,907,0,1.0,0.9338478500551268,60,878.0,2318.0,57686.0,56.0,4.0,878.0,150,445.0,719.0,1599.0,344,5.243660418963616,29.0,10.70231532524807,3.3364570694307822,157.0,1325,0.9708427672955976,1227.5469135802468,1.571
500044,-50.80738177623991,44050.0,0,867,867,0,1.0,0.9480968858131488,45,616.0,1866.0,44050.0,51.0,1.0,616.0,94,298.0,555.0,1311.0,209,4.261822376009227,24.0,9.763552479815456,3.0618827165596385,129.0,1177,0.949561030869442,1078.6027160493827,1.424
500045,-32.29683972911964,28615.0,0,886,886,0,1.0,0.9300225733634312,62,619.0,1633.0,28615.0,55.0,4.0,619.0,130,369.0,977.0,656.0,280,5.286681715575621,28.75,10.864559819413092,3.420516804579382,140.0,1264,0.9489187763713081,1178.9577777777777,1.53
500046,-19.025081788440566,17446.0,0,917,917,0,1.0,0.9629225736095965,34,363.0,1064.0,17446.0,40.0,0.0,363.0,84,249.0,589.0,475.0,212,3.5354416575790624,19.0,8.806979280261723,2.8003901353160767,134.0,1197,0.9447507658033975,1090.4562962962964,1.542
500047,-15.515765765765765,13778.0,0,888,888,0,1.0,0.963963963963964,32,254.0,816.0,13778.0,30.0,0.0,254.0,99,312.0,471.0,345.0,186,2.4425675675675675,14.649999999999977,7.916666666666667,2.0558248422219014,127.0,1166,0.9590051457975987,1074.7444444444445,1.449
500048,-27.838418079096048,24637.0,0,885,885,0,1.0,0.9457627118644067,48,415.0,1315.0,24637.0,37.0,1.0,415.0,90,269.0,627.0,688.0,268,3.6666666666666665,23.0,9.193220338983052,2.602906146508145,134.0,1247,0.955626837743919,1126.5614814814815,1.472
500049,-21.306794055201703,20071.0,0,942,942,0,1.0,0.9437367303609342,53,519.0,1427.0,20071.0,45.0,2.0,519.0,117,334.0,907.0,520.0,242,4.246284501061571,25.949999999999932,9.343949044585987,2.796028599599249,127.0,1231,0.9627673977795829,1119.4644444444443,1.57
