trial,state,validation_J_20,last_reported_step,last_reported_J,learning-rate,rollout-size,gamma,gae-lambda,ent-coef
4,COMPLETE,223053.8,225000,334743.6,0.0006912670683424538,80,0.995,1.0,0.00014098918363046996
10,COMPLETE,254514.35,225000,153410.6,0.0024518098818580836,80,0.99,1.0,0.0025412649825898824
0,COMPLETE,384100.15,225000,422130.4,default,default,default,default,default
3,COMPLETE,447825.9,225000,247194.4,0.0004804641349751479,20,0.995,1.0,0.001348775545730254
6,COMPLETE,469713.15,225000,296052.2,0.00017309069329908935,20,0.99,0.9,0.0008191755047162099
9,COMPLETE,486390.75,225000,544130.0,0.0007091576793635641,20,0.995,0.95,0.011307978270179144
8,COMPLETE,495797.15,225000,380696.0,0.00015050290935598963,320,0.999,0.9,0.00017088424969157387
1,COMPLETE,502467.2,225000,294894.0,0.0006466422717414558,20,0.995,0.95,0.009145320282946534
2,COMPLETE,629854.75,225000,694143.0,0.0006042851578845063,80,0.999,1.0,0.009541412354586892
7,COMPLETE,1248545.8,225000,114558.8,0.0016319488770709706,80,0.999,0.95,0.000501819043124292
11,PRUNED,,75000,243629.2,0.002881691210240857,80,0.99,1.0,0.0018489416009596787
5,PRUNED,,75000,393434.4,0.0009658179826892162,20,0.999,0.95,0.00032916454639831516
