trial,state,validation_J_20,last_reported_step,last_reported_J,learning-rate,rollout-size,batch-size,n-epochs,gamma,gae-lambda,clip-range,ent-coef
11,COMPLETE,28220.45,225000,28262.2,8.22648979246715e-05,2048,64,3,0.99,0.98,0.2,0.00011753029137799356
10,COMPLETE,29156.65,225000,27068.4,0.0007540181221018431,4096,256,3,0.999,0.98,0.1,0.000779308323413374
0,COMPLETE,29568.6,225000,27928.2,default,default,default,default,default,default,default,default
2,COMPLETE,30965.6,225000,29970.6,0.0004944733002746453,4096,256,10,0.995,0.9,0.1,0.0012094311268425492
5,COMPLETE,31488.6,225000,30136.4,0.00021876939530160837,16384,64,5,0.995,0.9,0.3,0.000413229862740349
9,COMPLETE,31576.05,225000,30052.6,0.0008946769081974223,16384,1024,3,0.99,0.98,0.3,0.007133407671882763
1,COMPLETE,37393.8,225000,43850.6,0.00020554062603827,2048,1024,3,0.999,0.95,0.3,0.02655561084998941
3,COMPLETE,44552.05,225000,45720.6,0.0003463609921766881,8192,1024,10,0.995,0.9,0.1,0.0042248177213228075
4,COMPLETE,51558.15,225000,54657.2,4.8703159315306354e-05,8192,1024,5,0.99,0.95,0.2,0.005192032534497486
6,PRUNED,,150000,43294.4,0.00022622417507807115,16384,256,5,0.999,0.95,0.1,0.0031776753088383902
8,PRUNED,,75000,62328.0,3.208855558609467e-05,4096,64,5,0.99,0.9,0.1,0.00017712267105509928
7,PRUNED,,75000,74206.4,0.00012947776733736072,2048,1024,5,0.999,0.95,0.1,0.009628117698906266
