seed,reward,objective_J,infeasible_on_arrival,jobs_total,jobs_scheduled,dropped,completion_rate,on_time_rate,late_jobs,tardiness,weighted_tardiness,max_tardiness,p95_tardiness,tardiness_with_dropped_lb,mean_wait,p95_wait,mean_flow_time,mean_slowdown,makespan,active_machine_ticks,mean_active_utilisation,seconds
500000,-4.319999999999999,432.0,0,100,96,4,0.96,0.87,9,29.0,29.0,6.0,2.25,57.0,47.5,90.25,52.1875,17.182250330687832,100.0,157,0.6044585987261146,0.114
500001,-8.98,898.0,0,100,94,6,0.94,0.73,21,298.0,298.0,53.0,18.849999999999937,304.0,46.5,88.35,51.755319148936174,12.090615501519757,98.0,173,0.6335260115606935,0.118
500002,-6.65,665.0,0,100,95,5,0.95,0.77,18,131.0,131.0,44.0,6.0,185.0,47.0,89.3,51.66315789473684,17.340935672514618,100.0,171,0.5834307992202729,0.113
500003,-3.1399999999999992,314.0,0,100,97,3,0.97,0.93,4,14.0,14.0,6.0,0.0,28.0,48.0,91.19999999999999,52.8041237113402,14.126730486008835,100.0,148,0.6858108108108107,0.137
500004,-7.68,768.0,0,100,96,4,0.96,0.79,17,258.0,258.0,60.0,18.5,387.0,47.5,90.25,52.21875,16.530005787037037,99.0,147,0.636734693877551,0.112
500005,-7.809999999999999,781.0,0,100,96,4,0.96,0.82,14,305.0,305.0,54.0,26.5,395.0,47.5,90.25,52.21875,15.433291997354496,99.0,151,0.6264900662251656,0.127
500006,-3.9699999999999998,397.0,0,100,97,3,0.97,0.85,12,95.0,95.0,21.0,6.199999999999989,111.0,48.0,91.19999999999999,52.90721649484536,14.426603665521192,100.0,156,0.6262820512820512,0.12
500007,-5.0,500.0,0,100,97,3,0.97,0.83,14,162.0,162.0,41.0,6.199999999999989,218.0,48.0,91.19999999999999,52.30927835051546,18.10311732940599,100.0,150,0.6153333333333332,0.119
500008,-5.3599999999999985,536.0,0,100,96,4,0.96,0.78,18,122.0,122.0,22.0,7.25,147.0,47.5,90.25,52.666666666666664,15.541170634920634,100.0,168,0.6517857142857143,0.118
500009,-6.66,666.0,0,100,96,4,0.96,0.75,21,239.0,239.0,53.0,12.5,290.0,47.5,90.25,52.010416666666664,16.444981812169313,100.0,150,0.617111111111111,0.105
500010,-4.1899999999999995,419.0,0,100,96,4,0.96,0.92,4,19.0,19.0,8.0,0.0,30.0,47.5,90.25,52.15625,16.13169642857143,99.0,161,0.612008281573499,0.12
500011,-14.569999999999999,1457.0,0,100,93,7,0.93,0.7,23,462.0,462.0,49.0,36.199999999999974,812.0,46.0,87.39999999999999,50.83870967741935,14.769662058371738,100.0,140,0.6666666666666665,0.108
500012,-4.29,429.0,0,100,96,4,0.96,0.92,4,17.0,17.0,10.0,0.0,56.0,47.5,90.25,52.65625,15.159556878306878,100.0,170,0.6268627450980392,0.11
500013,-4.38,438.0,0,100,96,4,0.96,0.92,4,38.0,38.0,19.0,0.0,54.0,47.5,90.25,52.90625,14.568865740740742,100.0,171,0.6157894736842104,0.105
500014,-10.13,1013.0,0,100,95,5,0.95,0.78,17,334.0,334.0,55.0,28.499999999999957,548.0,47.0,89.3,51.77894736842105,14.320547201336675,99.0,142,0.6384976525821595,0.163
